dataset,n_edits,method,edit_success_mean,edit_success_std,preservation_mean,preservation_std,preserve_accuracy_mean,preserve_accuracy_std,logit_drift_mean,logit_drift_std,preservation_kl_mean,preservation_kl_std,relative_param_change_mean,relative_param_change_std,structural_cost_mean,structural_cost_std,runtime_s_mean,runtime_s_std
breast_cancer,1,EWC,1.0,0.0,0.5019607941309611,0.1912744900806484,0.5039215683937073,0.2105630268009754,48.51430702209473,19.581172930443547,2.8045260111490884,1.7281191137610337,0.5020459691683451,0.08086743605476951,29.716256459554035,3.328479089978722,0.03730160733342321,0.00371273670010161
breast_cancer,1,Euclidean-MSR,1.0,0.0,0.7039215664068857,0.22662968669268244,0.6941176454226176,0.2562033020588394,28.299868901570637,10.782690596076296,0.642831951379776,0.5646925089105528,0.21288845439751944,0.03596109837141965,30.643810272216797,5.6930696070535305,0.003759633333478026,0.000454397703262241
breast_cancer,1,FT,1.0,0.0,0.40392157435417175,0.15477780153425602,0.40588236848513287,0.17119567976115665,65.85862096150716,23.0321159791398,4.2244681517283125,2.1303141042585656,0.573166012763977,0.07814959659210204,37.0321299235026,3.7599061051382217,0.032778808333356814,0.0009055058759179684
breast_cancer,1,L2-SP,1.0,0.0,0.5156862735748291,0.2257117276694477,0.5176470677057902,0.24473699086080436,47.745422999064125,21.44954647312061,2.678965131441752,1.901084270156342,0.45213016867637634,0.08388462571517455,31.820880889892578,4.047106235928711,0.03965807433329852,0.00501582718323375
breast_cancer,1,MSR,1.0,0.0,0.7686274449030558,0.21244443154844142,0.7549019654591879,0.23191195040959495,22.09019597371419,15.174521939833653,0.6354701506594816,0.6468607155252774,0.3593159665664037,0.16034938766428838,19.491980870564777,6.558719718731877,0.004614834333248534,0.0005882088563281419
breast_cancer,5,EWC,1.0,0.0,0.20281124611695608,0.045214177843167384,0.19277108709017435,0.04704970033679345,83.05362955729167,18.34153316613014,5.5702164967854815,1.4245000384770259,0.5732980767885844,0.04521299592578826,35.450445810953774,1.3703581056758587,0.08942900500005635,0.05270188342179913
breast_cancer,5,Euclidean-MSR,1.0,0.0,0.48995983600616455,0.07435145331383312,0.47590362032254535,0.05746621364049507,39.86346181233724,5.099292391035086,1.0149053732554119,0.10558473743566907,0.24758448203404745,0.01638502341058921,37.56633377075195,5.512489214465674,0.017405061000014637,0.005376710832469788
breast_cancer,5,FT,1.0,0.0,0.1807228922843933,0.06516056175859898,0.17469879736502966,0.06289341499995356,89.41501108805339,18.793539832493646,6.132891813913981,1.4490478065806667,0.6178957025210062,0.04832402479636104,41.22096633911133,1.3828426686555184,0.05227200666665036,0.023175713019002075
breast_cancer,5,L2-SP,1.0,0.0,0.20883533855279288,0.06982063572896681,0.19879518946011862,0.0651605679578567,77.34044138590495,15.684772681548587,5.021086533864339,1.2109766785571299,0.5193637708822886,0.034203312467039594,38.13459904988607,1.2315322508548459,0.07015820066665886,0.04392661553873175
breast_cancer,5,MSR,1.0,0.0,0.5100401639938354,0.09338969948102405,0.48795180519421893,0.11758566741304861,38.73511250813802,1.196955252265592,1.1009653011957805,0.2659106080473648,0.47543389598528546,0.0565789495688733,31.837840398152668,6.372324374899781,0.03297181466678012,0.006887016265450695
breast_cancer,10,EWC,1.0,0.0,0.10351967066526413,0.007172053167001398,0.09316769987344742,0.012422360479831696,84.09603627522786,10.8755358223929,5.378480116526286,0.6854106432701587,0.6371649106343588,0.043167718216208496,38.898145039876304,1.6545978788524855,0.07231623799983329,0.045058388487461534
breast_cancer,10,Euclidean-MSR,1.0,0.0,0.287784680724144,0.05635883534028012,0.260869562625885,0.07530655733174466,45.56019719441732,2.9556623301722333,1.2985735734303792,0.2198560405180938,0.2761628528436025,0.02620459236689797,42.06666946411133,5.629242997523833,0.03856307433337255,0.006506141336600566
breast_cancer,10,FT,1.0,0.0,0.09523809452851613,0.009487732908959576,0.08902691553036372,0.009487736160659533,88.75479380289714,13.66723116805393,5.809869607289632,0.9175058223066812,0.6912627617518107,0.04685894428409261,45.93028132120768,4.445172124344563,0.052882235333375625,0.00421672584049329
breast_cancer,10,L2-SP,1.0,0.0,0.10351967066526413,0.0189754690696189,0.08902691304683685,0.007172053167001398,79.31275431315105,6.979929809648052,4.927042802174886,0.4477115997313686,0.5611799756685892,0.05308027815164445,42.11480967203776,3.0258651429135717,0.07601653933352281,0.026575263075111787
breast_cancer,10,MSR,1.0,0.0,0.3333333383003871,0.0950804352011424,0.3064182202021281,0.10941789106500899,44.69120661417643,3.4678333674095567,1.3166289329528809,0.18324495558929693,0.570332537094752,0.09333905919638079,35.920152028401695,4.863716522111436,0.04270099766654312,0.006020865524220063
digits,1,EWC,1.0,0.0,0.8911564747492472,0.055668944965343664,0.8744588692982992,0.06098039528895254,4.500253001848857,3.6012900171697884,0.9082356542348862,0.789487830334119,0.28795986374219257,0.07478376122943647,23.77052116394043,7.562574164844987,0.05294597733336559,0.011257431208099637
digits,1,Euclidean-MSR,1.0,0.0,0.9919604261716207,0.01087098898811171,0.9709338347117106,0.013675516553864146,0.20966175474071255,0.3236553628302002,0.013834714666397,0.02230609138995775,0.02904330116386215,0.027046039295261295,3.9465686877568564,4.099283142240194,0.009021100666662582,0.0070307197298287
digits,1,FT,1.0,0.0,0.8565244277318319,0.06733781574449231,0.8441558480262756,0.07348906676829749,6.913188298543294,4.655473579288195,1.1670118470986683,0.908589486329628,0.39512606461842853,0.09013515530736449,39.54903920491537,7.968319172917239,0.035540446333319174,0.0036544914573433847
digits,1,L2-SP,1.0,0.0,0.9004328846931458,0.05027566042657491,0.8868274490038554,0.053482511753844164,4.097547292709351,3.429810742379249,0.8437422215938568,0.777205309044774,0.24846806625525156,0.07001718939310692,24.8669007619222,7.637920244790645,0.04870839999997164,0.008342394885629413
digits,1,MSR,1.0,0.0,0.9931972622871399,0.010218134436659728,0.9709338347117106,0.015448359690791695,0.19276889285538346,0.29874892126492747,0.012354563628226364,0.02009758022774059,0.04097056326766809,0.03985769207756885,2.9430615405241647,3.159407302770111,0.00500938199987407,0.0002253675948943588
digits,5,EWC,1.0,0.0,0.6822429895401001,0.08743187989758974,0.6785046656926473,0.08583895608668048,10.482712586720785,2.938906822919322,2.323082605997721,0.8954503793792755,0.42516093452771503,0.017500710053251205,39.011339823404946,1.9138042938221786,0.058120175000112795,0.015381445813757853
digits,5,Euclidean-MSR,1.0,0.0,0.945794403553009,0.026168227195739746,0.9339563846588135,0.027236743501983615,1.1601370573043823,0.42240327939449435,0.1050652451813221,0.04913895092369724,0.09704770147800446,0.011601207266375617,13.197238604227701,2.0651110351575928,0.015907202999793906,0.010634042296007144
digits,5,FT,1.0,0.0,0.649844229221344,0.07570285318327513,0.6485981345176697,0.07825949187448536,13.541975021362305,3.761422899467244,2.7162745793660483,0.9872643672474638,0.4908917744954427,0.019827982276324454,49.80653508504232,2.506263207088296,0.04166954933331605,0.007911360034576785
digits,5,L2-SP,1.0,0.0,0.6834890842437744,0.08161041525817146,0.6834890842437744,0.08161041525817146,10.413722515106201,2.9062992969145784,2.338973601659139,0.9019340911111889,0.38107289870580036,0.014078480551955893,40.9969113667806,2.209073244496382,0.048953753000053744,0.005476358083653268
digits,5,MSR,1.0,0.0,0.9607476790746053,0.015299736383371128,0.9489096601804098,0.01675304542014285,1.0729337334632874,0.40646712870556495,0.08304962019125621,0.03776617418042466,0.1360775257150332,0.021772413701455298,10.564021428426107,1.0435659912682076,0.019151851666720177,0.004083312521556669
digits,10,EWC,1.0,0.0,0.5849056442578634,0.02740722593988202,0.5805031657218933,0.022030545109378866,12.307055155436197,0.951167734448591,2.7315922578175864,0.43749588326397376,0.48001185059547424,0.015473030975429737,45.444830576578774,1.441731596861957,0.07539975733334359,0.017487461279705473
digits,10,Euclidean-MSR,1.0,0.0,0.9018868009249369,0.0018868148327658466,0.8911949793497721,0.004357343380736726,2.164404312769572,0.05295814776242593,0.2217226674159368,0.006737378467307588,0.14069625238577524,0.008696760948180648,19.234535853068035,0.7671045198788271,0.04429137733344154,0.025268996655565933
digits,10,FT,1.0,0.0,0.550314466158549,0.038774997671609655,0.5471698045730591,0.03494386685338433,15.334357579549154,1.65230608804103,3.2071364720662436,0.4866683661969295,0.5436492760976156,0.011795203276651412,55.379756927490234,0.9208786698782941,0.04985697766657419,0.016852347140589658
digits,10,L2-SP,1.0,0.0,0.5830188592274984,0.02830186486244723,0.5786163409550985,0.02328743956781217,12.59588877360026,0.9067378816113876,2.819044589996338,0.43496105745575553,0.43927789727846783,0.011545129723460926,48.12734731038412,1.566413992770693,0.05812659833342574,0.026480517076539364
digits,10,MSR,1.0,0.0,0.906289299329122,0.015823585857634437,0.897484282652537,0.021868352758416806,2.0130827824274697,0.06651211513810452,0.18714267512162527,0.020865914145157805,0.19282139341036478,0.00833557823321468,15.315622011820475,1.492578199981024,0.04094719166657038,0.008943707661285742
wine,1,EWC,1.0,0.0,0.7547169923782349,0.07547169923782349,0.7358490626017252,0.08646371640796649,13.435030301411947,1.9761920700859255,1.0051878492037456,0.323087134106186,0.48270462950070697,0.11481458009109644,21.222963333129883,4.732512173984954,0.038770993666579066,0.0024914806673138074
wine,1,Euclidean-MSR,1.0,0.0,0.9433962305386862,0.03773584961891568,0.9182390173276266,0.05446699873575541,5.402086019515991,3.0225646858821578,0.10884175263345242,0.08716191285751711,0.21405487259229025,0.07327172157961612,14.378377596537272,5.124932687993355,0.004232976666571631,0.0011351671429211015
wine,1,FT,1.0,0.0,0.7232704559961954,0.09496648808867587,0.7044025262196859,0.1072875436901797,18.685157775878906,2.4379856250464367,1.4492051998774211,0.6055799895308986,0.6356093883514404,0.08474975353820328,29.26844533284505,3.6985688787599935,0.03667487299996234,0.011435987481468488
wine,1,L2-SP,1.0,0.0,0.7610062956809998,0.0850801775726412,0.7421383659044901,0.09496648808867587,13.097247123718262,2.0111970393850105,0.9403742949167887,0.3372095709942039,0.4471324880917867,0.11468595090473041,21.355183919270832,4.245760627689395,0.04314693166664559,0.006593206982536622
wine,1,MSR,1.0,0.0,0.9496855537096659,0.05446699873575539,0.9245283007621765,0.05660378932952881,5.243836561838786,3.1031208315489605,0.11101123131811619,0.0979296527128381,0.31173371771971387,0.12869657625500583,11.752648512522379,5.8997483553003285,0.0056322380000892736,0.0023325115692986254
wine,5,EWC,1.0,0.0,0.6054421663284302,0.09426129231736262,0.5714285771052042,0.10798986552295009,20.82709566752116,0.998860703085499,1.25567360719045,0.3057837281685969,0.618873675664266,0.031241854203548358,27.800465265909832,1.8260722713976292,0.04818642699986716,0.004388186530413496
wine,5,Euclidean-MSR,1.0,0.0,0.5442176858584086,0.2044214785065265,0.523809532324473,0.17356940494822054,18.570730209350586,5.761200170166679,0.7112457156181335,0.26756792376818517,0.45904701948165894,0.03809634542554132,32.254734675089516,5.402277428703039,0.022017739333326364,0.012688683283115253
wine,5,FT,1.0,0.0,0.44897958636283875,0.08163264393806458,0.421768714984258,0.051359423042538356,25.486052831013996,1.3169582488698985,1.7400084336598713,0.3759018154142472,0.7261635065078735,0.03912807792557509,33.71426010131836,2.5680188468323246,0.05853035999992547,0.023749115431859206
wine,5,L2-SP,1.0,0.0,0.6122449239095052,0.07069595203164313,0.5782312750816345,0.0849659520522929,20.749942779541016,1.1290006024075505,1.194905678431193,0.3279325358777911,0.5849197109540304,0.03680205459019329,29.0601323445638,2.1633018733553016,0.05910431566659705,0.006071268797323017
wine,5,MSR,1.0,0.0,0.5918367306391398,0.15939284320860814,0.5578231414159139,0.1358842511524319,16.513195037841797,5.658211706363649,0.667277455329895,0.23759648109284864,0.6166366040706635,0.11386857122029281,25.267711003621418,4.753537681435149,0.02530521266665649,0.008212892739774469
wine,10,EWC,1.0,0.0,0.5454545418421427,0.02272728085518535,0.5303030212720236,0.03471648194632788,18.547006607055664,3.2083927363907603,1.095025897026062,0.004378326409218916,0.6132294734319051,0.032889378889056145,23.177366256713867,2.2252698840954404,0.14799794833318933,0.06865504167233048
wine,10,Euclidean-MSR,1.0,0.0,0.3181818226973216,0.22727273404598253,0.28787878404061,0.20622207946621782,23.831580479939777,6.448589551725339,1.0209426482518513,0.2997818551254159,0.5164278149604797,0.020071383768488316,36.06583468119303,4.102681359420493,0.08693063433338466,0.040433822172130325
wine,10,FT,1.0,0.0,0.21212120602528253,0.2692326478064191,0.18939393758773804,0.2503441103950729,28.607951482137043,9.832301973507738,2.17911167939504,0.8138460985785682,0.831644336382548,0.10523035752365903,38.56998189290365,5.443078714243793,0.0684813629997431,0.015513330083123712
wine,10,L2-SP,1.0,0.0,0.49242422978083294,0.09462118222775101,0.46969695885976154,0.09185116041866354,19.527013142903645,4.123631354161821,1.0507453083992004,0.07817392343694991,0.5289169152577718,0.06324837479983357,29.538699467976887,1.7933732520118255,0.1632498693334128,0.07994816620878317
wine,10,MSR,1.0,0.0,0.4469697078069051,0.20496591167472464,0.4166666616996129,0.18229103550844947,21.23905849456787,6.811981517879771,0.8838253617286682,0.24645314537940508,0.7104029456774393,0.10911807648103415,29.922917048136394,4.714642017610591,0.07792886366663272,0.020047678964732436
