edit_success,min_target_margin,preservation,preserve_accuracy,logit_drift,preservation_kl,relative_param_change,structural_cost,collateral_changes,dataset,seed,n_edits,method,beta,margin,iterations,runtime_s
1.0,12.864934921264648,0.918367326259613,0.9090909361839294,3.2108516693115234,0.38983944058418274,0.3287135362625122,33.009151458740234,44,digits,7,1,FT,,0.75,22,0.03191251699990971
1.0,11.07291030883789,0.948051929473877,0.9350649118423462,1.4188690185546875,0.19824275374412537,0.19202323257923126,19.15358543395996,28,digits,7,1,L2-SP,,0.75,22,0.05271719899974414
1.0,10.486335754394531,0.9461966753005981,0.929499089717865,1.6409488916397095,0.23856069147586823,0.22934216260910034,18.22577476501465,29,digits,7,1,EWC,,0.75,22,0.045724886000243714
1.0,0.7499995231628418,1.0,0.9758812785148621,0.0017736040754243731,0.00012190747656859457,0.005811761599034071,0.6301392316818237,0,digits,7,1,Euclidean-MSR,,0.75,10,0.01694500799976595
1.0,0.75,1.0,0.9758812785148621,0.0013043618528172374,7.212807395262644e-05,0.007684763520956039,0.44936224818229675,0,digits,7,1,MSR,8.0,0.75,4,0.005126629999722354
1.0,6.9459333419799805,0.7364485859870911,0.7383177280426025,9.262175559997559,1.585216999053955,0.4736039340496063,48.346229553222656,141,digits,7,5,FT,,0.75,22,0.03727099800016731
1.0,6.0582804679870605,0.7775700688362122,0.7775700688362122,7.080241680145264,1.3037042617797852,0.3666354715824127,39.554264068603516,119,digits,7,5,L2-SP,,0.75,22,0.04596477499990215
1.0,6.1524338722229,0.7831775546073914,0.7775700688362122,7.1178812980651855,1.2926347255706787,0.4083559215068817,37.39078140258789,116,digits,7,5,EWC,,0.75,22,0.06635707700024795
1.0,0.75,0.9719626307487488,0.9626168012619019,0.687161922454834,0.051889073103666306,0.08545276522636414,11.318136215209961,15,digits,7,5,Euclidean-MSR,,0.75,7,0.028076682999653713
1.0,0.7500004768371582,0.977570116519928,0.968224287033081,0.6509035229682922,0.04221700131893158,0.11849873512983322,9.678820610046387,12,digits,7,5,MSR,8.0,0.75,8,0.02386512800012497
1.0,4.607367992401123,0.5471698045730591,0.5490565896034241,13.653108596801758,2.6940433979034424,0.5571629405021667,56.422122955322266,240,digits,7,10,FT,,0.75,22,0.040119663999576005
1.0,4.807277679443359,0.5830188393592834,0.5849056839942932,11.773645401000977,2.3437085151672363,0.4523214101791382,49.90597915649414,221,digits,7,10,L2-SP,,0.75,22,0.04185815900018497
1.0,5.034873008728027,0.5830188393592834,0.5849056839942932,11.50719165802002,2.2615230083465576,0.49754711985588074,47.10246658325195,221,digits,7,10,EWC,,0.75,22,0.06322113899977921
1.0,0.7500004768371582,0.8999999761581421,0.8962264060974121,2.207505226135254,0.22001050412654877,0.15043413639068604,19.998886108398438,53,digits,7,10,Euclidean-MSR,,0.75,6,0.07279464600014762
1.0,0.7499995231628418,0.9245283007621765,0.9226415157318115,1.9367605447769165,0.16455261409282684,0.20128318667411804,17.039098739624023,40,digits,7,10,MSR,8.0,0.75,10,0.04566138000018327
1.0,14.40478515625,0.8664193153381348,0.8589981198310852,5.389010429382324,0.9452398419380188,0.3589321970939636,37.21393966674805,72,digits,19,1,FT,,0.75,22,0.03922093299979679
1.0,12.12279987335205,0.9053803086280823,0.8961039185523987,2.910601854324341,0.6265420317649841,0.22656172513961792,21.904937744140625,51,digits,19,1,L2-SP,,0.75,22,0.03911831000004895
1.0,11.523898124694824,0.8923933506011963,0.8849721550941467,3.3150293827056885,0.7074028849601746,0.26235437393188477,20.70043182373047,58,digits,19,1,EWC,,0.75,22,0.04719587999989017
1.0,0.7500009536743164,0.9962894320487976,0.9814471006393433,0.044645458459854126,0.0018090923549607396,0.02258395217359066,2.6798741817474365,2,digits,19,1,Euclidean-MSR,,0.75,3,0.0035295100001349056
1.0,0.7500009536743164,0.9981446862220764,0.9833024144172668,0.03999176621437073,0.0014438295038416982,0.03008752502501011,1.8838425874710083,1,digits,19,1,MSR,8.0,0.75,4,0.004749561000153335
1.0,8.172021865844727,0.5962616801261902,0.5943925380706787,16.322803497314453,3.158423900604248,0.512535572052002,52.700477600097656,216,digits,19,5,FT,,0.75,22,0.036934910000127275
1.0,8.344063758850098,0.641121506690979,0.641121506690979,12.41588020324707,2.758383274078369,0.39476263523101807,43.540069580078125,192,digits,19,5,L2-SP,,0.75,22,0.0456222699999671
1.0,8.38150691986084,0.6336448788642883,0.6317756772041321,12.546711921691895,2.764385938644409,0.44328293204307556,41.12276840209961,196,digits,19,5,EWC,,0.75,22,0.06762904800007163
1.0,0.75,0.9196261763572693,0.9084112048149109,1.4998012781143188,0.14879560470581055,0.1086551696062088,15.408172607421875,43,digits,19,5,Euclidean-MSR,,0.75,4,0.011240445000112231
1.0,0.7500009536743164,0.9476635456085205,0.9383177757263184,1.4618066549301147,0.1167251467704773,0.16043218970298767,11.714678764343262,28,digits,19,5,MSR,8.0,0.75,6,0.016684711000380048
1.0,6.144556522369385,0.5132075548171997,0.5113207697868347,16.956113815307617,3.6621716022491455,0.5354219079017639,55.04056930541992,258,digits,19,10,FT,,0.75,22,0.06931639000003997
1.0,5.879117965698242,0.5547170042991638,0.552830159664154,13.568357467651367,3.197186231613159,0.4303707480430603,47.52264404296875,236,digits,19,10,L2-SP,,0.75,22,0.0886822630000097
1.0,5.565640926361084,0.5584905743598938,0.5566037893295288,13.358818054199219,3.126873016357422,0.4682776629924774,44.48270034790039,234,digits,19,10,EWC,,0.75,22,0.09543798200002129
1.0,0.7500009536743164,0.9018868207931519,0.8886792659759521,2.1052865982055664,0.2291509360074997,0.13370272517204285,18.464706420898438,52,digits,19,10,Euclidean-MSR,,0.75,4,0.02463650800018513
1.0,0.75,0.8962264060974121,0.8867924809455872,2.0586633682250977,0.20569396018981934,0.1846180409193039,14.450618743896484,55,digits,19,10,MSR,8.0,0.75,10,0.04654762399968604
1.0,15.278759956359863,0.7847866415977478,0.7643784880638123,12.139702796936035,2.1659562587738037,0.4977324604988098,48.42402648925781,116,digits,31,1,FT,,0.75,22,0.035487889000251016
1.0,17.650691986083984,0.847866415977478,0.8293135166168213,7.963171005249023,1.706441879272461,0.3268192410469055,33.542179107666016,82,digits,31,1,L2-SP,,0.75,22,0.05428969100012182
1.0,17.42117691040039,0.8348793983459473,0.8089053630828857,8.544780731201172,1.7787433862686157,0.37218305468559265,32.38535690307617,89,digits,31,1,EWC,,0.75,22,0.06591716599996289
1.0,0.75,0.9795918464660645,0.9554731249809265,0.5825662016868591,0.03957314416766167,0.058734189718961716,8.529692649841309,11,digits,31,1,Euclidean-MSR,,0.75,4,0.006588784000086889
1.0,0.7619285583496094,0.9814471006393433,0.9536178112030029,0.5370105504989624,0.035547733306884766,0.08513940125703812,6.4959797859191895,10,digits,31,1,MSR,8.0,0.75,3,0.005151954999746522
1.0,6.831409931182861,0.6168224215507507,0.6130841374397278,15.040946006774902,3.4051828384399414,0.48653581738471985,48.37289810180664,205,digits,31,5,FT,,0.75,22,0.05080273999965357
1.0,6.074737071990967,0.6317756772041321,0.6317756772041321,11.74504566192627,2.9548332691192627,0.38182058930397034,39.896400451660156,197,digits,31,5,L2-SP,,0.75,22,0.05527421400029198
1.0,5.806041717529297,0.6299065351486206,0.6261682510375977,11.783544540405273,2.912227153778076,0.42384395003318787,38.520469665527344,198,digits,31,5,EWC,,0.75,22,0.040374400000018795
1.0,0.7500267028808594,0.945794403553009,0.9308411478996277,1.2934479713439941,0.11451105773448944,0.09703516960144043,12.86540699005127,29,digits,31,5,Euclidean-MSR,,0.75,3,0.008404480999615771
1.0,0.75,0.9570093750953674,0.9401869177818298,1.106091022491455,0.09020671248435974,0.12930165231227875,10.298564910888672,23,digits,31,5,MSR,8.0,0.75,6,0.016905715999655513
1.0,5.11270809173584,0.5905660390853882,0.5811320543289185,15.393850326538086,3.2651944160461426,0.538362979888916,54.676578521728516,217,digits,31,10,FT,,0.75,22,0.040134879000106594
1.0,5.591965198516846,0.6113207340240479,0.5981131792068481,12.445663452148438,2.916239023208618,0.43514153361320496,46.95341873168945,206,digits,31,10,L2-SP,,0.75,22,0.04383937300008256
1.0,5.385468482971191,0.6132075190544128,0.6000000238418579,12.055155754089355,2.8063807487487793,0.4742107689380646,44.749324798583984,205,digits,31,10,EWC,,0.75,22,0.06754015100023025
1.0,0.75,0.9037736058235168,0.8886792659759521,2.1804211139678955,0.2160065621137619,0.13795189559459686,19.240015029907227,51,digits,31,10,Euclidean-MSR,,0.75,10,0.035442977999991854
1.0,0.75,0.8981131911277771,0.8830188512802124,2.0438244342803955,0.19118145108222961,0.19256295263767242,14.457148551940918,54,digits,31,10,MSR,8.0,0.75,7,0.030632570999841846
1.0,9.729583740234375,0.6226415038108826,0.5849056839942932,21.123720169067383,2.0574817657470703,0.6328291893005371,28.95498275756836,20,wine,7,1,FT,,0.75,22,0.031553318000078434
1.0,7.875378608703613,0.6792452931404114,0.6415094137191772,14.896166801452637,1.3217828273773193,0.418108195066452,20.1540584564209,17,wine,7,1,L2-SP,,0.75,22,0.04278690399996776
1.0,7.946638584136963,0.6792452931404114,0.6415094137191772,14.920872688293457,1.3660646677017212,0.44942501187324524,20.138198852539062,17,wine,7,1,EWC,,0.75,22,0.04138878599997042
1.0,0.7540292739868164,0.9433962106704712,0.8867924809455872,5.456284046173096,0.13081590831279755,0.21370311081409454,14.116103172302246,3,wine,7,1,Euclidean-MSR,,0.75,3,0.004056548999869847
1.0,0.75,0.9811320900917053,0.9245283007621765,5.05800199508667,0.09918489307165146,0.29072698950767517,10.57296085357666,1,wine,7,1,MSR,8.0,0.75,5,0.006844755000201985
1.0,2.778719902038574,0.5306122303009033,0.4693877696990967,24.198322296142578,2.0034878253936768,0.6839842200279236,31.121288299560547,23,wine,7,5,FT,,0.75,22,0.03939771399973324
1.0,2.584521770477295,0.5714285969734192,0.5102040767669678,19.481098175048828,1.5465483665466309,0.5609468817710876,26.566360473632812,21,wine,7,5,L2-SP,,0.75,22,0.05215321600007883
1.0,2.65407657623291,0.5510203838348389,0.4897959232330322,19.756799697875977,1.5960098505020142,0.5892851948738098,25.694917678833008,22,wine,7,5,EWC,,0.75,22,0.04742573499970604
1.0,0.75,0.7551020383834839,0.6938775777816772,11.923799514770508,0.4027825593948364,0.4177727997303009,26.071901321411133,12,wine,7,5,Euclidean-MSR,,0.75,6,0.019782227000177954
1.0,0.7500001192092896,0.7755101919174194,0.7142857313156128,9.992149353027344,0.39892250299453735,0.4853839576244354,20.4317684173584,11,wine,7,5,MSR,8.0,0.75,10,0.027379740000014863
1.0,0.23988139629364014,0.5227272510528564,0.47727271914482117,18.075010299682617,1.277631163597107,0.7250546813011169,32.92170715332031,21,wine,7,10,FT,,0.75,24,0.05488822299957974
1.0,0.14775004982948303,0.5681818127632141,0.5227272510528564,15.224912643432617,0.9619736075401306,0.5982315540313721,27.730300903320312,19,wine,7,10,L2-SP,,0.75,23,0.07300732500016238
1.0,0.23762518167495728,0.5681818127632141,0.5227272510528564,15.71211051940918,1.0995795726776123,0.6194406151771545,25.746049880981445,19,wine,7,10,EWC,,0.75,24,0.06888035299971307
1.0,0.7499983310699463,0.5454545617103577,0.47727271914482117,17.23078155517578,0.7093946933746338,0.4979948401451111,31.570356369018555,20,wine,7,10,Euclidean-MSR,,0.75,10,0.13356055799977185
1.0,0.7498838901519775,0.6590909361839294,0.5909090638160706,13.621479988098145,0.6055594086647034,0.6026231050491333,24.58018684387207,15,wine,7,10,MSR,8.0,0.75,10,0.090982680000252
1.0,10.150288581848145,0.7358490824699402,0.7358490824699402,18.684003829956055,1.4437755346298218,0.5522839426994324,25.736583709716797,14,wine,19,1,FT,,0.75,22,0.028694822000034037
1.0,8.302236557006836,0.7547169923782349,0.7547169923782349,10.925848007202148,0.8175371289253235,0.34974709153175354,17.83938217163086,13,wine,19,1,L2-SP,,0.75,22,0.036741115000040736
1.0,8.809723854064941,0.7547169923782349,0.7547169923782349,11.192262649536133,0.9066715836524963,0.3882060647010803,17.127012252807617,13,wine,19,1,EWC,,0.75,22,0.03642872999989777
1.0,0.75,0.9811320900917053,0.9811320900917053,2.3527867794036865,0.012795569375157356,0.14095966517925262,9.389617919921875,1,wine,19,1,Euclidean-MSR,,0.75,5,0.005446027999823855
1.0,0.75,0.9811320900917053,0.9811320900917053,2.237809181213379,0.019531792029738426,0.19483281672000885,6.531874179840088,1,wine,19,1,MSR,8.0,0.75,5,0.007108756999969046
1.0,0.46113038063049316,0.44897958636283875,0.4285714328289032,25.429424285888672,1.309544563293457,0.7332286238670349,33.764915466308594,27,wine,19,5,FT,,0.75,23,0.08511070300028223
1.0,0.16275238990783691,0.6938775777816772,0.6734693646430969,21.643531799316406,0.8974277973175049,0.6272931098937988,30.432323455810547,15,wine,19,5,L2-SP,,0.75,23,0.06179121800005305
1.0,0.019616365432739258,0.7142857313156128,0.6938775777816772,21.7344970703125,1.0040676593780518,0.6515409350395203,28.9509220123291,14,wine,19,5,EWC,,0.75,22,0.052905227999872295
1.0,0.7499999403953552,0.5306122303009033,0.5306122303009033,21.659330368041992,0.8502965569496155,0.46650609374046326,34.62919235229492,23,wine,19,5,Euclidean-MSR,,0.75,10,0.03567561299996669
1.0,0.7500004768371582,0.4897959232330322,0.4693877696990967,19.42395782470703,0.8508644700050354,0.675509512424469,25.43704605102539,25,wine,19,5,MSR,8.0,0.75,6,0.016253969999979745
1.0,0.030305027961730957,0.04545454680919647,0.022727273404598236,37.544166564941406,2.8597326278686523,0.9354605674743652,43.78155517578125,42,wine,19,10,FT,,0.75,44,0.0853815619998386
1.0,0.03295332193374634,0.3863636255264282,0.3636363744735718,23.445344924926758,1.10930335521698,0.5141836404800415,31.316659927368164,27,wine,19,10,L2-SP,,0.75,69,0.22522111699981906
1.0,0.060523003339767456,0.5227272510528564,0.5,22.029958724975586,1.0946511030197144,0.642570436000824,21.836240768432617,21,wine,19,10,EWC,,0.75,62,0.1832186209999236
1.0,0.2437896728515625,0.09090909361839294,0.06818182021379471,30.1163387298584,1.3073786497116089,0.5378110408782959,39.607791900634766,40,wine,19,10,Euclidean-MSR,,0.75,10,0.06564831600007892
1.0,0.7499997019767761,0.25,0.22727273404598236,26.745630264282227,1.074583888053894,0.8208117485046387,33.499420166015625,33,wine,19,10,MSR,8.0,0.75,10,0.08795815799976481
1.0,6.353355407714844,0.8113207817077637,0.7924528121948242,16.24774932861328,0.8463582992553711,0.7217150330543518,33.11376953125,10,wine,31,1,FT,,0.75,22,0.049776478999774554
1.0,7.284965515136719,0.849056601524353,0.8301886916160583,13.4697265625,0.6818029284477234,0.5735421776771545,26.072111129760742,8,wine,31,1,L2-SP,,0.75,22,0.04991277599992827
1.0,7.543844223022461,0.8301886916160583,0.8113207817077637,14.19195556640625,0.742827296257019,0.6104828119277954,26.40367889404297,9,wine,31,1,EWC,,0.75,22,0.038495464999869
1.0,0.7505054473876953,0.9056603908538818,0.8867924809455872,8.397187232971191,0.18291378021240234,0.28750184178352356,19.629411697387695,5,wine,31,1,Euclidean-MSR,,0.75,3,0.0031963530000211904
1.0,0.7661662101745605,0.8867924809455872,0.8679245114326477,8.435698509216309,0.21431700885295868,0.4496413469314575,18.15311050415039,6,wine,31,1,MSR,8.0,0.75,3,0.0029432020000967896
1.0,0.17148524522781372,0.36734694242477417,0.36734694242477417,26.830411911010742,1.9069929122924805,0.7612776756286621,36.25657653808594,31,wine,31,5,FT,,0.75,29,0.05108266299976094
1.0,0.1576773077249527,0.5714285969734192,0.5510203838348389,21.125198364257812,1.1407408714294434,0.5665191411972046,30.181713104248047,21,wine,31,5,L2-SP,,0.75,28,0.06336851299965929
1.0,0.15832144021987915,0.5510203838348389,0.5306122303009033,20.989990234375,1.1669433116912842,0.6157948970794678,28.755556106567383,22,wine,31,5,EWC,,0.75,28,0.04422831800002314
1.0,0.7500417232513428,0.3469387888908386,0.3469387888908386,22.129060745239258,0.8806580305099487,0.49286216497421265,36.0631103515625,32,wine,31,5,Euclidean-MSR,,0.75,4,0.010595377999834454
1.0,0.75,0.5102040767669678,0.4897959232330322,20.123477935791016,0.7520453929901123,0.6890163421630859,29.93431854248047,24,wine,31,5,MSR,8.0,0.75,10,0.03228192799997487
1.0,0.02887892723083496,0.06818182021379471,0.06818182021379471,30.20467758178711,2.3999712467193604,0.8344177603721619,39.006683349609375,41,wine,31,10,FT,,0.75,39,0.06517430399981095
1.0,0.0023116469383239746,0.5227272510528564,0.5227272510528564,19.910781860351562,1.0809589624404907,0.47433555126190186,29.569137573242188,21,wine,31,10,L2-SP,,0.75,69,0.19152116600025693
1.0,0.02329924702644348,0.5454545617103577,0.5681818127632141,17.898950576782227,1.0908470153808594,0.5776773691177368,21.94980812072754,20,wine,31,10,EWC,,0.75,58,0.1918948709999313
1.0,0.49572062492370605,0.3181818127632141,0.3181818127632141,24.147621154785156,1.0460546016693115,0.5134775638580322,37.01935577392578,30,wine,31,10,Euclidean-MSR,,0.75,10,0.06158302900030321
1.0,0.7478737831115723,0.4318181872367859,0.4318181872367859,23.350065231323242,0.9713327884674072,0.7077739834785461,31.689144134521484,25,wine,31,10,MSR,8.0,0.75,10,0.05484575299988137
1.0,16.543004989624023,0.5823529362678528,0.6000000238418579,45.69987487792969,2.3067173957824707,0.4991214871406555,33.9766845703125,71,breast_cancer,7,1,FT,,0.75,22,0.032065864999822224
1.0,14.110776901245117,0.770588219165802,0.7882353067398071,28.10978889465332,1.0025635957717896,0.37168240547180176,28.442739486694336,39,breast_cancer,7,1,L2-SP,,0.75,22,0.04483723499970438
1.0,15.591102600097656,0.7176470756530762,0.7352941036224365,30.033430099487305,1.2409310340881348,0.42720770835876465,26.710519790649414,48,breast_cancer,7,1,EWC,,0.75,22,0.04151726000009148
1.0,0.8679118156433105,0.9058823585510254,0.9235293865203857,18.039487838745117,0.1555316150188446,0.17671793699264526,26.183591842651367,16,breast_cancer,7,1,Euclidean-MSR,,0.75,3,0.004124529000364419
1.0,0.7504912614822388,0.970588207244873,0.9647058844566345,6.079540252685547,0.05648082122206688,0.21915866434574127,12.796772003173828,5,breast_cancer,7,1,MSR,8.0,0.75,4,0.005248600999948394
1.0,7.20234489440918,0.19879518449306488,0.21686747670173645,109.10689544677734,7.575986385345459,0.5898823142051697,42.401710510253906,133,breast_cancer,7,5,FT,,0.75,22,0.03993864799986113
1.0,5.949750900268555,0.19879518449306488,0.21686747670173645,95.07723999023438,6.367746353149414,0.501623272895813,39.212364196777344,133,breast_cancer,7,5,L2-SP,,0.75,22,0.04888634400003866
1.0,6.835695743560791,0.20481927692890167,0.22289156913757324,102.87074279785156,7.045158863067627,0.5479357838630676,35.91158676147461,132,breast_cancer,7,5,EWC,,0.75,22,0.05953893900004914
1.0,0.7500001788139343,0.4277108311653137,0.4457831382751465,45.3184928894043,1.0561143159866333,0.25706082582473755,39.64149856567383,95,breast_cancer,7,5,Euclidean-MSR,,0.75,5,0.023611090000031254
1.0,0.7499999403953552,0.6024096608161926,0.608433723449707,38.14435577392578,0.7959474325180054,0.46717649698257446,29.78044891357422,66,breast_cancer,7,5,MSR,8.0,0.75,10,0.039222696000251744
1.0,0.23992350697517395,0.09316769987344742,0.09937888383865356,103.4358139038086,6.520388603210449,0.7193887233734131,50.79283142089844,146,breast_cancer,7,10,FT,,0.75,31,0.05720046499982345
1.0,0.5091947913169861,0.08695652335882187,0.09316769987344742,86.80805969238281,5.030579566955566,0.5342696905136108,45.253143310546875,147,breast_cancer,7,10,L2-SP,,0.75,31,0.1065598330001194
1.0,0.29161322116851807,0.09937888383865356,0.10559006035327911,95.90988159179688,5.839817047119141,0.6437113285064697,40.12870788574219,145,breast_cancer,7,10,EWC,,0.75,31,0.12430474699976912
1.0,0.75,0.27950310707092285,0.2732919156551361,48.364990234375,1.0517827272415161,0.297076553106308,46.88859176635742,116,breast_cancer,7,10,Euclidean-MSR,,0.75,6,0.03150459000016781
1.0,0.75,0.38509318232536316,0.3664596378803253,47.411407470703125,1.1352864503860474,0.6640288233757019,36.450172424316406,99,breast_cancer,7,10,MSR,8.0,0.75,7,0.03601947700008168
1.0,12.152471542358398,0.3235294222831726,0.34117648005485535,60.91477584838867,3.849210023880005,0.5655182003974915,35.888694763183594,115,breast_cancer,19,1,FT,,0.75,22,0.032472917000177404
1.0,11.292806625366211,0.43529412150382996,0.4529411792755127,44.48981475830078,2.2898192405700684,0.4456341564655304,30.713491439819336,96,breast_cancer,19,1,L2-SP,,0.75,22,0.0348233340000661
1.0,11.991846084594727,0.43529412150382996,0.4529411792755127,46.47355651855469,2.512650489807129,0.4911022186279297,29.144773483276367,96,breast_cancer,19,1,EWC,,0.75,22,0.03451878600026248
1.0,0.7934674024581909,0.7470588088035583,0.7411764860153198,27.321880340576172,0.5112736225128174,0.21331101655960083,28.691709518432617,43,breast_cancer,19,1,Euclidean-MSR,,0.75,3,0.0039037060000737256
1.0,0.8965712785720825,0.7882353067398071,0.7941176295280457,23.930274963378906,0.5162995457649231,0.3246144950389862,19.77406120300293,36,breast_cancer,19,1,MSR,8.0,0.75,4,0.0040864220000003115
1.0,3.1190617084503174,0.10843373835086823,0.10240963846445084,71.67163848876953,4.6779632568359375,0.5901094675064087,39.69966125488281,148,breast_cancer,19,5,FT,,0.75,22,0.03787099600003785
1.0,3.0329065322875977,0.14457830786705017,0.1265060305595398,65.29925537109375,4.021650791168213,0.49767550826072693,36.792293548583984,142,breast_cancer,19,5,L2-SP,,0.75,22,0.0409170850002738
1.0,3.103299140930176,0.15662650763988495,0.13855421543121338,66.67411041259766,4.202182769775391,0.5464598536491394,33.909000396728516,140,breast_cancer,19,5,EWC,,0.75,22,0.05846732300005897
1.0,0.7500001192092896,0.5722891688346863,0.5421686768531799,35.216373443603516,0.894930362701416,0.22866469621658325,31.31743621826172,71,breast_cancer,19,5,Euclidean-MSR,,0.75,5,0.014150644999972428
1.0,0.7499998211860657,0.5120481848716736,0.4819277226924896,37.94838333129883,1.2229533195495605,0.4234373867511749,26.748376846313477,81,breast_cancer,19,5,MSR,8.0,0.75,10,0.02558892700017168
1.0,3.9211583137512207,0.08695652335882187,0.08074533939361572,86.42865753173828,6.135190010070801,0.6371690630912781,42.075538635253906,147,breast_cancer,19,10,FT,,0.75,22,0.05267131100026745
1.0,3.4845383167266846,0.09937888383865356,0.09316769987344742,78.13117218017578,5.313915252685547,0.5269445180892944,39.21560287475586,145,breast_cancer,19,10,L2-SP,,0.75,22,0.06330907200026559
1.0,3.1938419342041016,0.09937888383865356,0.09316769987344742,81.87721252441406,5.704735279083252,0.591097891330719,37.01716995239258,145,breast_cancer,19,10,EWC,,0.75,22,0.04454587200007154
1.0,0.7499999403953552,0.3478260934352875,0.32919254899024963,42.473819732666016,1.3704191446304321,0.24676811695098877,35.880767822265625,105,breast_cancer,19,10,Euclidean-MSR,,0.75,10,0.03986448700015899
1.0,0.7499998807907104,0.3913043439388275,0.3726707994937897,40.786258697509766,1.3128814697265625,0.47735485434532166,30.813133239746094,98,breast_cancer,19,10,MSR,8.0,0.75,10,0.04437779199997749
1.0,11.775871276855469,0.30588236451148987,0.2764706015586853,90.96121215820312,6.517477035522461,0.6548583507537842,41.23101043701172,118,breast_cancer,31,1,FT,,0.75,22,0.03379764300007082
1.0,8.818273544311523,0.34117648005485535,0.3117647171020508,70.63666534423828,4.744512557983398,0.5390739440917969,36.30641174316406,112,breast_cancer,31,1,L2-SP,,0.75,22,0.0393136540001251
1.0,9.168481826782227,0.3529411852359772,0.3235294222831726,69.03593444824219,4.659996509552002,0.5878279805183411,33.29347610473633,110,breast_cancer,31,1,EWC,,0.75,22,0.03586877599991567
1.0,0.7503132820129395,0.4588235318660736,0.4176470637321472,39.538238525390625,1.261690616607666,0.2486364096403122,37.056129455566406,92,breast_cancer,31,1,Euclidean-MSR,,0.75,3,0.0032506649999959336
1.0,0.8303922414779663,0.5470588207244873,0.5058823823928833,36.260772705078125,1.333630084991455,0.5341747403144836,25.905109405517578,77,breast_cancer,31,1,MSR,8.0,0.75,4,0.004509479999796895
1.0,8.447839736938477,0.23493975400924683,0.20481927692890167,87.46649932861328,6.144725799560547,0.6736953258514404,41.561527252197266,127,breast_cancer,31,5,FT,,0.75,22,0.07900637600005211
1.0,6.762216567993164,0.28313252329826355,0.2530120611190796,71.64482879638672,4.673862457275391,0.5587925314903259,38.399139404296875,119,breast_cancer,31,5,L2-SP,,0.75,22,0.12067117299966412
1.0,8.296012878417969,0.2469879537820816,0.21686747670173645,79.61603546142578,5.463307857513428,0.6254985928535461,36.5307502746582,125,breast_cancer,31,5,EWC,,0.75,22,0.15028075300006094
1.0,0.7500001192092896,0.46987950801849365,0.4397590458393097,39.055519104003906,1.093671441078186,0.25702792406082153,41.74006652832031,88,breast_cancer,31,5,Euclidean-MSR,,0.75,4,0.014453448000040225
1.0,0.7499998807907104,0.41566264629364014,0.3734939694404602,40.11259841918945,1.2839951515197754,0.5356878042221069,38.98469543457031,97,breast_cancer,31,5,MSR,8.0,0.75,10,0.034103820999916934
1.0,1.5299124717712402,0.10559006035327911,0.08695652335882187,76.39990997314453,4.7740302085876465,0.717230498790741,44.9224739074707,144,breast_cancer,31,10,FT,,0.75,22,0.048774930000035965
1.0,1.344482421875,0.12422360479831696,0.08074533939361572,72.99903106689453,4.436633586883545,0.6223257184028625,41.87568283081055,141,breast_cancer,31,10,L2-SP,,0.75,22,0.05818071300018346
1.0,1.6805996894836426,0.11180124431848526,0.08074533939361572,74.50101470947266,4.590888023376465,0.6766855120658875,39.54855728149414,143,breast_cancer,31,10,EWC,,0.75,22,0.048098094999659224
1.0,0.7499999403953552,0.23602484166622162,0.1801242232322693,45.84178161621094,1.4735188484191895,0.28464388847351074,43.43064880371094,123,breast_cancer,31,10,Euclidean-MSR,,0.75,10,0.04432014599979084
1.0,0.75,0.22360248863697052,0.1801242232322693,45.875953674316406,1.5017188787460327,0.5696139335632324,40.49715042114258,125,breast_cancer,31,10,MSR,8.0,0.75,10,0.04770572399957018
